mml/TH11-01.mml, 1, 地霊達の起床
mml/TH11-02.mml, 1, 暗闇の風穴
mml/TH11-03.mml, 1, 封じられた妖怪　～ Lost Place
mml/TH11-04.mml, 1, 渡る者の途絶えた橋
mml/TH11-05.mml, 1, 緑眼のジェラシー
mml/TH11-06.mml, 1, 旧地獄街道を行く
mml/TH11-07.mml, 1, 華のさかづき大江山
mml/TH11-08.mml, 1, ハートフェルトファンシー
mml/TH11-09.mml, 1, 少女さとり　〜 3rd eye
mml/TH11-10.mml, 0, 廃獄ララバイ
mml/TH11-11.mml, 1, 死体旅行　〜 Be of good cheer!
mml/TH11-12.mml, 1, 業火マントル
mml/TH11-13.mml, 1, 霊知の太陽信仰　～ Nuclear Fusion
mml/TH11-14.mml, 1, ラストリモート
mml/TH11-15.mml, 1, ハルトマンの妖怪少女
mml/TH11-16.mml, 1, 地霊達の帰宅
mml/TH11-17.mml, 1, エネルギー黎明 〜 Future Dream...
